ACC30317,Test User2,Checking,1000.000000,SecurePass123,1.000000
ACC36175,Luis,Checking,100.000000,Luis123,1.000000
ACC45602,Luis,Checking,1000.000000,asd,1.000000
ACC78304,Test User,Checking,500.000000,Password123,1.000000
